time_step,lat,lon,pdop
0,-90,-180,1.59648
0,-90,-170,1.59648
0,-90,-160,1.59648
0,-90,-150,1.59648
0,-90,-140,1.59648
0,-90,-130,1.59648
0,-90,-120,1.59648
0,-90,-110,1.59648
0,-90,-100,1.59648
0,-90,-90,1.59648
0,-90,-80,1.59648
0,-90,-70,1.59648
0,-90,-60,1.59648
0,-90,-50,1.59648
0,-90,-40,1.59648
0,-90,-30,1.59648
0,-90,-20,1.59648
0,-90,-10,1.59648
0,-90,0,1.59648
0,-90,10,1.59648
0,-90,20,1.59648
0,-90,30,1.59648
0,-90,40,1.59648
0,-90,50,1.59648
0,-90,60,1.59648
0,-90,70,1.59648
0,-90,80,1.59648
0,-90,90,1.59648
0,-90,100,1.59648
0,-90,110,1.59648
0,-90,120,1.59648
0,-90,130,1.59648
0,-90,140,1.59648
0,-90,150,1.59648
0,-90,160,1.59648
0,-90,170,1.59648
0,-90,180,1.59648
0,-80,-180,1.19053
0,-80,-170,1.19097
0,-80,-160,1.19179
0,-80,-150,1.45339
0,-80,-140,1.45305
0,-80,-130,1.45334
0,-80,-120,1.45426
0,-80,-110,1.85657
0,-80,-100,1.85419
0,-80,-90,1.85242
0,-80,-80,1.85129
0,-80,-70,1.85085
0,-80,-60,1.59343
0,-80,-50,1.59201
0,-80,-40,1.59084
0,-80,-30,1.58994
0,-80,-20,1.5893
0,-80,-10,1.58893
0,-80,0,1.58883
0,-80,10,1.589
0,-80,20,1.58945
0,-80,30,1.59018
0,-80,40,1.87234
0,-80,50,1.87199
0,-80,60,1.87251
0,-80,70,1.87393
0,-80,80,1.8762
0,-80,90,1.87929
0,-80,100,1.44541
0,-80,110,1.4444
0,-80,120,1.44397
0,-80,130,1.44415
0,-80,140,1.44493
0,-80,150,1.44628
0,-80,160,1.19084
0,-80,170,1.19049
0,-80,180,1.19053
0,-70,-180,1.28251
0,-70,-170,1.28197
0,-70,-160,1.28256
0,-70,-150,1.28423
0,-70,-140,1.28693
0,-70,-130,1.60151
0,-70,-120,1.44512
0,-70,-110,1.44819
0,-70,-100,1.45234
0,-70,-90,1.84827
0,-70,-80,1.84624
0,-70,-70,1.84568
0,-70,-60,1.84656
0,-70,-50,1.84876
0,-70,-40,1.85215
0,-70,-30,1.24315
0,-70,-20,1.59199
0,-70,-10,1.59147
0,-70,0,1.59129
0,-70,10,1.24942
0,-70,20,1.34761
0,-70,30,1.34657
0,-70,40,1.4226
0,-70,50,1.41853
0,-70,60,1.41601
0,-70,70,1.41516
0,-70,80,1.25463
0,-70,90,1.34299
0,-70,100,1.3416
0,-70,110,1.34184
0,-70,120,1.34367
0,-70,130,1.34706
0,-70,140,1.31394
0,-70,150,1.3124
0,-70,160,1.25071
0,-70,170,1.25099
0,-70,180,1.28251
0,-60,-180,1.52435
0,-60,-170,1.38024
0,-60,-160,1.3806
0,-60,-150,1.38326
0,-60,-140,1.38806
0,-60,-130,1.59281
0,-60,-120,1.59768
0,-60,-110,1.74184
0,-60,-100,1.74999
0,-60,-90,1.76166
0,-60,-80,2.35255
0,-60,-70,1.37548
0,-60,-60,1.36932
0,-60,-50,1.36581
0,-60,-40,1.36506
0,-60,-30,1.36708
0,-60,-20,1.23699
0,-60,-10,1.3159
0,-60,0,1.31366
0,-60,10,1.18519
0,-60,20,1.21525
0,-60,30,1.21029
0,-60,40,1.20742
0,-60,50,1.20674
0,-60,60,1.20828
0,-60,70,1.31236
0,-60,80,1.50398
0,-60,90,1.27913
0,-60,100,1.27682
0,-60,110,1.49259
0,-60,120,1.49596
0,-60,130,1.25995
0,-60,140,1.25992
0,-60,150,1.26183
0,-60,160,1.38965
0,-60,170,1.40698
0,-60,180,1.52435
0,-50,-180,1.52121
0,-50,-170,1.48964
0,-50,-160,1.44813
0,-50,-150,1.45323
0,-50,-140,1.26341
0,-50,-130,1.59644
0,-50,-120,1.37376
0,-50,-110,1.37262
0,-50,-100,1.37495
0,-50,-90,1.12563
0,-50,-80,1.18394
0,-50,-70,1.1832
0,-50,-60,1.45277
0,-50,-50,1.44803
0,-50,-40,1.50642
0,-50,-30,1.5029
0,-50,-20,1.40283
0,-50,-10,1.35788
0,-50,0,1.1795
0,-50,10,1.24681
0,-50,20,1.19567
0,-50,30,1.19264
0,-50,40,1.36242
0,-50,50,1.36185
0,-50,60,1.15233
0,-50,70,1.15077
0,-50,80,1.09204
0,-50,90,1.2748
0,-50,100,1.27175
0,-50,110,1.42441
0,-50,120,1.4258
0,-50,130,1.2396
0,-50,140,1.24055
0,-50,150,1.35763
0,-50,160,1.54029
0,-50,170,1.61718
0,-50,180,1.52121
0,-40,-180,2.24729
0,-40,-170,1.5401
0,-40,-160,1.17996
0,-40,-150,1.15839
0,-40,-140,1.27554
0,-40,-130,1.4211
0,-40,-120,2.02423
0,-40,-110,2.01589
0,-40,-100,2.01739
0,-40,-90,1.18996
0,-40,-80,1.24287
0,-40,-70,1.3139
0,-40,-60,1.44882
0,-40,-50,1.80322
0,-40,-40,1.75925
0,-40,-30,1.44903
0,-40,-20,1.44928
0,-40,-10,1.36411
0,-40,0,1.36575
0,-40,10,1.25276
0,-40,20,1.15443
0,-40,30,1.24042
0,-40,40,1.57441
0,-40,50,1.41114
0,-40,60,1.29662
0,-40,70,1.19349
0,-40,80,1.14603
0,-40,90,1.60998
0,-40,100,1.60021
0,-40,110,1.59965
0,-40,120,1.27162
0,-40,130,1.15333
0,-40,140,1.15423
0,-40,150,1.15853
0,-40,160,1.66031
0,-40,170,2.24897
0,-40,180,2.24729
0,-30,-180,1.52361
0,-30,-170,1.39969
0,-30,-160,1.23883
0,-30,-150,1.3237
0,-30,-140,1.48951
0,-30,-130,2.05332
0,-30,-120,2.03408
0,-30,-110,2.0247
0,-30,-100,1.34346
0,-30,-90,1.26167
0,-30,-80,1.46359
0,-30,-70,1.44709
0,-30,-60,1.44081
0,-30,-50,1.3067
0,-30,-40,1.53808
0,-30,-30,1.47386
0,-30,-20,1.48326
0,-30,-10,1.2119
0,-30,0,1.21329
0,-30,10,1.29309
0,-30,20,1.19014
0,-30,30,1.23781
0,-30,40,1.24414
0,-30,50,1.40639
0,-30,60,1.41085
0,-30,70,1.31081
0,-30,80,1.30468
0,-30,90,1.20597
0,-30,100,1.60042
0,-30,110,1.59979
0,-30,120,1.60929
0,-30,130,1.29559
0,-30,140,1.22137
0,-30,150,1.31116
0,-30,160,1.37748
0,-30,170,1.56537
0,-30,180,1.52361
0,-20,-180,1.27516
0,-20,-170,1.31563
0,-20,-160,1.34394
0,-20,-150,1.61784
0,-20,-140,1.48654
0,-20,-130,1.6158
0,-20,-120,1.46275
0,-20,-110,1.45975
0,-20,-100,1.26122
0,-20,-90,1.30116
0,-20,-80,1.6553
0,-20,-70,1.79397
0,-20,-60,1.25436
0,-20,-50,1.16399
0,-20,-40,1.21919
0,-20,-30,1.32799
0,-20,-20,1.33519
0,-20,-10,1.35123
0,-20,0,1.5359
0,-20,10,1.29279
0,-20,20,1.2839
0,-20,30,1.18166
0,-20,40,1.2124
0,-20,50,1.21779
0,-20,60,1.51169
0,-20,70,1.50161
0,-20,80,1.19772
0,-20,90,1.19701
0,-20,100,1.20479
0,-20,110,1.34698
0,-20,120,1.35201
0,-20,130,1.35621
0,-20,140,1.62911
0,-20,150,1.63547
0,-20,160,1.29549
0,-20,170,1.27574
0,-20,180,1.27516
0,-10,-180,1.15891
0,-10,-170,1.36278
0,-10,-160,1.81664
0,-10,-150,1.81992
0,-10,-140,1.43846
0,-10,-130,1.6335
0,-10,-120,1.31465
0,-10,-110,1.31033
0,-10,-100,1.2533
0,-10,-90,1.404
0,-10,-80,1.61509
0,-10,-70,1.53536
0,-10,-60,1.45617
0,-10,-50,1.1341
0,-10,-40,1.13193
0,-10,-30,1.15427
0,-10,-20,1.5843
0,-10,-10,1.59467
0,-10,0,1.47329
0,-10,10,1.23289
0,-10,20,1.3541
0,-10,30,1.1909
0,-10,40,1.12007
0,-10,50,1.3425
0,-10,60,1.40913
0,-10,70,1.49517
0,-10,80,1.27265
0,-10,90,1.13042
0,-10,100,1.28557
0,-10,110,1.2065
0,-10,120,1.36673
0,-10,130,1.35957
0,-10,140,1.62455
0,-10,150,1.63098
0,-10,160,1.33165
0,-10,170,1.17941
0,-10,180,1.15891
0,0,-180,1.57829
0,0,-170,1.44001
0,0,-160,1.59987
0,0,-150,1.54424
0,0,-140,1.28933
0,0,-130,1.43039
0,0,-120,1.42379
0,0,-110,1.41329
0,0,-100,1.3371
0,0,-90,1.25366
0,0,-80,1.36342
0,0,-70,1.43122
0,0,-60,1.3388
0,0,-50,1.31449
0,0,-40,1.24237
0,0,-30,1.32883
0,0,-20,1.16264
0,0,-10,1.581
0,0,0,1.45994
0,0,10,1.14818
0,0,20,1.26802
0,0,30,1.48003
0,0,40,1.25029
0,0,50,1.26122
0,0,60,1.318
0,0,70,1.2606
0,0,80,1.17093
0,0,90,1.26973
0,0,100,1.28981
0,0,110,1.36186
0,0,120,1.36753
0,0,130,1.39242
0,0,140,1.39673
0,0,150,1.47673
0,0,160,1.33002
0,0,170,1.78489
0,0,180,1.57829
0,10,-180,1.58597
0,10,-170,1.94812
0,10,-160,1.27538
0,10,-150,1.21202
0,10,-140,1.36695
0,10,-130,1.47946
0,10,-120,1.31684
0,10,-110,1.53034
0,10,-100,1.428
0,10,-90,1.18536
0,10,-80,1.2821
0,10,-70,1.20624
0,10,-60,1.34375
0,10,-50,1.62356
0,10,-40,1.60124
0,10,-30,1.59303
0,10,-20,1.33295
0,10,-10,1.16949
0,10,0,1.01567
0,10,10,1.14336
0,10,20,1.4572
0,10,30,1.46665
0,10,40,1.33466
0,10,50,1.41155
0,10,60,1.15719
0,10,70,1.20437
0,10,80,1.11202
0,10,90,1.36841
0,10,100,1.66033
0,10,110,1.48695
0,10,120,1.54601
0,10,130,1.23579
0,10,140,1.23702
0,10,150,1.38229
0,10,160,1.51387
0,10,170,1.78975
0,10,180,1.58597
0,20,-180,1.97813
0,20,-170,1.39367
0,20,-160,1.386
0,20,-150,1.27216
0,20,-140,1.26994
0,20,-130,1.16554
0,20,-120,1.54068
0,20,-110,1.52632
0,20,-100,1.2361
0,20,-90,1.23781
0,20,-80,1.45797
0,20,-70,1.36155
0,20,-60,1.36299
0,20,-50,1.36241
0,20,-40,1.60786
0,20,-30,1.59929
0,20,-20,1.70107
0,20,-10,1.03759
0,20,0,1.07509
0,20,10,1.24108
0,20,20,1.19969
0,20,30,1.46424
0,20,40,1.33107
0,20,50,1.33614
0,20,60,1.28278
0,20,70,1.5032
0,20,80,1.26227
0,20,90,1.167
0,20,100,1.67712
0,20,110,1.92779
0,20,120,1.40456
0,20,130,1.33384
0,20,140,1.48151
0,20,150,1.38036
0,20,160,1.39358
0,20,170,1.29962
0,20,180,1.97813
0,30,-180,1.18227
0,30,-170,1.38907
0,30,-160,1.38133
0,30,-150,1.46921
0,30,-140,1.25208
0,30,-130,1.44102
0,30,-120,1.43712
0,30,-110,1.37369
0,30,-100,1.32455
0,30,-90,1.23783
0,30,-80,1.49974
0,30,-70,1.49943
0,30,-60,1.50442
0,30,-50,1.25702
0,30,-40,1.43585
0,30,-30,1.162
0,30,-20,1.25836
0,30,-10,1.35287
0,30,0,1.32425
0,30,10,1.19076
0,30,20,1.32654
0,30,30,1.2765
0,30,40,1.37472
0,30,50,1.62927
0,30,60,1.63387
0,30,70,1.30929
0,30,80,1.20661
0,30,90,1.26675
0,30,100,2.3397
0,30,110,1.53675
0,30,120,1.52964
0,30,130,1.38742
0,30,140,1.41843
0,30,150,1.42511
0,30,160,1.51796
0,30,170,1.25696
0,30,180,1.18227
0,40,-180,1.45415
0,40,-170,1.60488
0,40,-160,1.46775
0,40,-150,1.52583
0,40,-140,1.91692
0,40,-130,1.43617
0,40,-120,1.2881
0,40,-110,1.14726
0,40,-100,1.33474
0,40,-90,1.27246
0,40,-80,1.48624
0,40,-70,1.48622
0,40,-60,1.49132
0,40,-50,1.03724
0,40,-40,1.08451
0,40,-30,1.11598
0,40,-20,1.49832
0,40,-10,1.88113
0,40,0,1.88543
0,40,10,1.49734
0,40,20,1.09787
0,40,30,1.22849
0,40,40,1.23402
0,40,50,1.24283
0,40,60,1.37446
0,40,70,1.63712
0,40,80,1.98868
0,40,90,1.04719
0,40,100,1.10046
0,40,110,1.21858
0,40,120,1.53961
0,40,130,1.53768
0,40,140,1.48499
0,40,150,1.39184
0,40,160,1.68951
0,40,170,1.45556
0,40,180,1.45415
0,50,-180,1.34869
0,50,-170,1.45954
0,50,-160,1.4593
0,50,-150,1.46333
0,50,-140,1.45861
0,50,-130,1.5229
0,50,-120,1.13872
0,50,-110,1.09001
0,50,-100,1.04185
0,50,-90,1.15502
0,50,-80,1.15012
0,50,-70,1.28028
0,50,-60,1.27911
0,50,-50,1.16601
0,50,-40,1.16595
0,50,-30,1.34739
0,50,-20,1.4085
0,50,-10,1.51288
0,50,0,1.51617
0,50,10,1.44095
0,50,20,1.29805
0,50,30,1.30174
0,50,40,1.33845
0,50,50,1.55075
0,50,60,1.55332
0,50,70,1.32774
0,50,80,1.33023
0,50,90,1.1164
0,50,100,1.14645
0,50,110,1.17449
0,50,120,1.27711
0,50,130,1.36953
0,50,140,1.25003
0,50,150,1.21096
0,50,160,1.35385
0,50,170,1.34999
0,50,180,1.34869
0,60,-180,1.22221
0,60,-170,1.22318
0,60,-160,1.46247
0,60,-150,1.36414
0,60,-140,1.36357
0,60,-130,1.36534
0,60,-120,1.2322
0,60,-110,1.29212
0,60,-100,1.44517
0,60,-90,1.43359
0,60,-80,1.15255
0,60,-70,1.41929
0,60,-60,1.41676
0,60,-50,1.26216
0,60,-40,1.26072
0,60,-30,1.26139
0,60,-20,1.26421
0,60,-10,1.37501
0,60,0,1.41045
0,60,10,1.33848
0,60,20,1.34096
0,60,30,1.23899
0,60,40,1.24197
0,60,50,1.40214
0,60,60,1.40269
0,60,70,1.40554
0,60,80,1.53572
0,60,90,1.59833
0,60,100,1.71375
0,60,110,1.18411
0,60,120,1.21386
0,60,130,1.21458
0,60,140,1.21758
0,60,150,1.19607
0,60,160,1.22484
0,60,170,1.35029
0,60,180,1.22221
0,70,-180,1.26418
0,70,-170,1.2633
0,70,-160,1.37428
0,70,-150,1.3722
0,70,-140,1.37168
0,70,-130,1.61831
0,70,-120,1.61144
0,70,-110,1.50265
0,70,-100,1.3115
0,70,-90,1.30576
0,70,-80,1.43426
0,70,-70,1.43023
0,70,-60,1.42839
0,70,-50,1.26927
0,70,-40,1.26838
0,70,-30,1.18341
0,70,-20,1.18456
0,70,-10,1.18683
0,70,0,1.22735
0,70,10,1.22838
0,70,20,1.23043
0,70,30,1.35093
0,70,40,1.2469
0,70,50,1.40655
0,70,60,1.40709
0,70,70,1.24871
0,70,80,1.25029
0,70,90,1.25281
0,70,100,1.32846
0,70,110,1.38954
0,70,120,1.39332
0,70,130,1.39834
0,70,140,1.35648
0,70,150,1.25941
0,70,160,1.25893
0,70,170,1.56644
0,70,180,1.26418
0,80,-180,1.3654
0,80,-170,1.3644
0,80,-160,1.36322
0,80,-150,1.3619
0,80,-140,1.51622
0,80,-130,1.51246
0,80,-120,1.50898
0,80,-110,1.50588
0,80,-100,1.50328
0,80,-90,1.3147
0,80,-80,1.31241
0,80,-70,1.31078
0,80,-60,1.30987
0,80,-50,1.3097
0,80,-40,1.31027
0,80,-30,1.19446
0,80,-20,1.19506
0,80,-10,1.12334
0,80,0,1.12419
0,80,10,1.12544
0,80,20,1.23813
0,80,30,1.2396
0,80,40,1.38857
0,80,50,1.38938
0,80,60,1.39066
0,80,70,1.39237
0,80,80,1.57331
0,80,90,1.57481
0,80,100,1.57663
0,80,110,1.57872
0,80,120,1.58102
0,80,130,1.36709
0,80,140,1.3672
0,80,150,1.3671
0,80,160,1.36676
0,80,170,1.3662
0,80,180,1.3654
0,90,-180,1.35696
0,90,-170,1.35696
0,90,-160,1.35696
0,90,-150,1.35696
0,90,-140,1.35696
0,90,-130,1.35696
0,90,-120,1.35696
0,90,-110,1.35696
0,90,-100,1.35696
0,90,-90,1.35696
0,90,-80,1.35696
0,90,-70,1.35696
0,90,-60,1.35696
0,90,-50,1.35696
0,90,-40,1.35696
0,90,-30,1.35696
0,90,-20,1.35696
0,90,-10,1.35696
0,90,0,1.35696
0,90,10,1.35696
0,90,20,1.35696
0,90,30,1.35696
0,90,40,1.35696
0,90,50,1.35696
0,90,60,1.35696
0,90,70,1.35696
0,90,80,1.35696
0,90,90,1.35696
0,90,100,1.35696
0,90,110,1.35696
0,90,120,1.35696
0,90,130,1.35696
0,90,140,1.35696
0,90,150,1.35696
0,90,160,1.35696
0,90,170,1.35696
0,90,180,1.35696
1,-90,-180,1.59577
1,-90,-170,1.59577
1,-90,-160,1.59577
1,-90,-150,1.59577
1,-90,-140,1.59577
1,-90,-130,1.59577
1,-90,-120,1.59577
1,-90,-110,1.59577
1,-90,-100,1.59577
1,-90,-90,1.59577
1,-90,-80,1.59577
1,-90,-70,1.59577
1,-90,-60,1.59577
1,-90,-50,1.59577
1,-90,-40,1.59577
1,-90,-30,1.59577
1,-90,-20,1.59577
1,-90,-10,1.59577
1,-90,0,1.59577
1,-90,10,1.59577
1,-90,20,1.59577
1,-90,30,1.59577
1,-90,40,1.59577
1,-90,50,1.59577
1,-90,60,1.59577
1,-90,70,1.59577
1,-90,80,1.59577
1,-90,90,1.59577
1,-90,100,1.59577
1,-90,110,1.59577
1,-90,120,1.59577
1,-90,130,1.59577
1,-90,140,1.59577
1,-90,150,1.59577
1,-90,160,1.59577
1,-90,170,1.59577
1,-90,180,1.59577
1,-80,-180,1.19048
1,-80,-170,1.19092
1,-80,-160,1.19174
1,-80,-150,1.29487
1,-80,-140,1.452
1,-80,-130,1.45231
1,-80,-120,1.45326
1,-80,-110,1.85974
1,-80,-100,1.85738
1,-80,-90,1.85562
1,-80,-80,1.85452
1,-80,-70,1.85409
1,-80,-60,1.85434
1,-80,-50,1.59151
1,-80,-40,1.59031
1,-80,-30,1.58937
1,-80,-20,1.58869
1,-80,-10,1.58828
1,-80,0,1.58813
1,-80,10,1.58826
1,-80,20,1.58866
1,-80,30,1.58935
1,-80,40,1.86707
1,-80,50,1.86671
1,-80,60,1.86722
1,-80,70,1.86862
1,-80,80,1.87087
1,-80,90,1.4481
1,-80,100,1.44658
1,-80,110,1.4456
1,-80,120,1.44521
1,-80,130,1.44542
1,-80,140,1.44622
1,-80,150,1.44759
1,-80,160,1.19079
1,-80,170,1.19044
1,-80,180,1.19048
1,-70,-180,1.28385
1,-70,-170,1.28328
1,-70,-160,1.28385
1,-70,-150,1.2855
1,-70,-140,1.28819
1,-70,-130,1.4421
1,-70,-120,1.44404
1,-70,-110,1.44716
1,-70,-100,1.45137
1,-70,-90,1.85156
1,-70,-80,1.84954
1,-70,-70,1.84901
1,-70,-60,1.84991
1,-70,-50,1.85215
1,-70,-40,1.85556
1,-70,-30,1.59241
1,-70,-20,1.59146
1,-70,-10,1.59086
1,-70,0,1.5906
1,-70,10,1.25073
1,-70,20,1.25082
1,-70,30,1.3473
1,-70,40,1.41912
1,-70,50,1.41507
1,-70,60,1.41255
1,-70,70,1.41171
1,-70,80,1.25407
1,-70,90,1.34415
1,-70,100,1.34281
1,-70,110,1.34309
1,-70,120,1.34499
1,-70,130,1.34845
1,-70,140,1.31406
1,-70,150,1.31252
1,-70,160,1.24979
1,-70,170,1.25005
1,-70,180,1.28385
1,-60,-180,1.52501
1,-60,-170,1.38054
1,-60,-160,1.38087
1,-60,-150,1.3835
1,-60,-140,1.38826
1,-60,-130,1.58895
1,-60,-120,1.59386
1,-60,-110,1.73734
1,-60,-100,1.74546
1,-60,-90,1.75708
1,-60,-80,2.35407
1,-60,-70,1.37404
1,-60,-60,1.36788
1,-60,-50,1.36436
1,-60,-40,1.36361
1,-60,-30,1.19861
1,-60,-20,1.23772
1,-60,-10,1.18379
1,-60,0,1.31279
1,-60,10,1.18388
1,-60,20,1.2149
1,-60,30,1.20991
1,-60,40,1.20701
1,-60,50,1.20629
1,-60,60,1.24638
1,-60,70,1.31264
1,-60,80,1.5045
1,-60,90,1.27862
1,-60,100,1.27634
1,-60,110,1.49328
1,-60,120,1.49673
1,-60,130,1.2586
1,-60,140,1.25856
1,-60,150,1.26046
1,-60,160,1.38902
1,-60,170,1.40868
1,-60,180,1.52501
1,-50,-180,1.52186
1,-50,-170,1.49184
1,-50,-160,1.44905
1,-50,-150,1.26164
1,-50,-140,1.26505
1,-50,-130,1.59897
1,-50,-120,1.37384
1,-50,-110,1.37269
1,-50,-100,1.37502
1,-50,-90,1.12456
1,-50,-80,1.18343
1,-50,-70,1.18266
1,-50,-60,1.45281
1,-50,-50,1.44802
1,-50,-40,1.50658
1,-50,-30,1.50299
1,-50,-20,1.40198
1,-50,-10,1.35789
1,-50,0,1.17875
1,-50,10,1.24527
1,-50,20,1.19449
1,-50,30,1.23027
1,-50,40,1.36126
1,-50,50,1.36133
1,-50,60,1.15232
1,-50,70,1.15072
1,-50,80,1.09278
1,-50,90,1.27425
1,-50,100,1.27122
1,-50,110,1.4224
1,-50,120,1.42379
1,-50,130,1.23743
1,-50,140,1.23834
1,-50,150,1.35537
1,-50,160,1.53739
1,-50,170,1.61686
1,-50,180,1.52186
1,-40,-180,2.24428
1,-40,-170,1.54253
1,-40,-160,1.18067
1,-40,-150,1.15882
1,-40,-140,1.27672
1,-40,-130,1.4214
1,-40,-120,2.01868
1,-40,-110,2.01015
1,-40,-100,2.26087
1,-40,-90,1.1884
1,-40,-80,1.24191
1,-40,-70,1.3135
1,-40,-60,1.44951
1,-40,-50,1.80596
1,-40,-40,1.76324
1,-40,-30,1.45036
1,-40,-20,1.45053
1,-40,-10,1.36415
1,-40,0,1.36565
1,-40,10,1.25115
1,-40,20,1.15273
1,-40,30,1.23806
1,-40,40,1.57463
1,-40,50,1.4113
1,-40,60,1.29657
1,-40,70,1.19472
1,-40,80,1.14729
1,-40,90,1.6128
1,-40,100,1.60285
1,-40,110,1.60214
1,-40,120,1.27152
1,-40,130,1.15246
1,-40,140,1.1533
1,-40,150,1.15754
1,-40,160,1.65649
1,-40,170,2.24612
1,-40,180,2.24428
1,-30,-180,1.52292
1,-30,-170,1.40037
1,-30,-160,1.23984
1,-30,-150,1.32537
1,-30,-140,1.48961
1,-30,-130,2.04772
1,-30,-120,2.0283
1,-30,-110,2.0187
1,-30,-100,1.34179
1,-30,-90,1.26092
1,-30,-80,1.46335
1,-30,-70,1.44782
1,-30,-60,1.44147
1,-30,-50,1.3087
1,-30,-40,1.54351
1,-30,-30,1.47717
1,-30,-20,1.48655
1,-30,-10,1.21209
1,-30,0,1.21333
1,-30,10,1.29117
1,-30,20,1.18756
1,-30,30,1.23495
1,-30,40,1.24239
1,-30,50,1.40656
1,-30,60,1.41099
1,-30,70,1.31263
1,-30,80,1.30648
1,-30,90,1.20752
1,-30,100,1.60312
1,-30,110,1.60232
1,-30,120,1.61169
1,-30,130,1.29539
1,-30,140,1.22001
1,-30,150,1.30906
1,-30,160,1.37538
1,-30,170,1.56498
1,-30,180,1.52292
1,-20,-180,1.27517
1,-20,-170,1.31661
1,-20,-160,1.3448
1,-20,-150,1.62058
1,-20,-140,1.48842
1,-20,-130,1.61665
1,-20,-120,1.46298
1,-20,-110,1.45977
1,-20,-100,1.26045
1,-20,-90,1.30018
1,-20,-80,1.65594
1,-20,-70,1.79646
1,-20,-60,1.25596
1,-20,-50,1.16584
1,-20,-40,1.22083
1,-20,-30,1.33124
1,-20,-20,1.33842
1,-20,-10,1.35282
1,-20,0,1.53619
1,-20,10,1.29087
1,-20,20,1.28193
1,-20,30,1.18053
1,-20,40,1.21057
1,-20,50,1.21735
1,-20,60,1.51204
1,-20,70,1.50188
1,-20,80,1.19901
1,-20,90,1.19829
1,-20,100,1.20552
1,-20,110,1.34658
1,-20,120,1.35145
1,-20,130,1.35469
1,-20,140,1.62636
1,-20,150,1.63278
1,-20,160,1.29331
1,-20,170,1.27537
1,-20,180,1.27517
1,-10,-180,1.15936
1,-10,-170,1.36254
1,-10,-160,1.82017
1,-10,-150,1.82358
1,-10,-140,1.43903
1,-10,-130,1.63541
1,-10,-120,1.31389
1,-10,-110,1.30943
1,-10,-100,1.25305
1,-10,-90,1.40307
1,-10,-80,1.61568
1,-10,-70,1.53596
1,-10,-60,1.45783
1,-10,-50,1.13566
1,-10,-40,1.13346
1,-10,-30,1.15639
1,-10,-20,1.58763
1,-10,-10,1.5979
1,-10,0,1.47514
1,-10,10,1.23344
1,-10,20,1.35165
1,-10,30,1.18981
1,-10,40,1.11926
1,-10,50,1.34158
1,-10,60,1.40864
1,-10,70,1.49533
1,-10,80,1.27259
1,-10,90,1.13067
1,-10,100,1.28637
1,-10,110,1.20708
1,-10,120,1.36655
1,-10,130,1.22335
1,-10,140,1.62177
1,-10,150,1.62828
1,-10,160,1.33201
1,-10,170,1.17882
1,-10,180,1.15936
1,0,-180,1.57906
1,0,-170,1.43912
1,0,-160,1.59952
1,0,-150,1.54441
1,0,-140,1.28847
1,0,-130,1.43026
1,0,-120,1.42349
1,0,-110,1.41227
1,0,-100,1.33701
1,0,-90,1.25387
1,0,-80,1.36416
1,0,-70,1.43131
1,0,-60,1.33905
1,0,-50,1.31629
1,0,-40,1.24299
1,0,-30,1.33061
1,0,-20,1.1646
1,0,-10,1.58427
1,0,0,1.46184
1,0,10,1.14838
1,0,20,1.26879
1,0,30,1.48291
1,0,40,1.24925
1,0,50,1.26076
1,0,60,1.31761
1,0,70,1.25939
1,0,80,1.1704
1,0,90,1.26953
1,0,100,1.29055
1,0,110,1.48042
1,0,120,1.36742
1,0,130,1.39313
1,0,140,1.3974
1,0,150,1.47641
1,0,160,1.33042
1,0,170,1.78614
1,0,180,1.57906
1,10,-180,1.58673
1,10,-170,1.94701
1,10,-160,1.27342
1,10,-150,1.21097
1,10,-140,1.36554
1,10,-130,1.47889
1,10,-120,1.57021
1,10,-110,1.53084
1,10,-100,1.42927
1,10,-90,1.18555
1,10,-80,1.28246
1,10,-70,1.20648
1,10,-60,1.34384
1,10,-50,1.62199
1,10,-40,1.59988
1,10,-30,1.59185
1,10,-20,1.33467
1,10,-10,1.17147
1,10,0,1.016
1,10,10,1.14362
1,10,20,1.46006
1,10,30,1.46956
1,10,40,1.33655
1,10,50,1.41274
1,10,60,1.15634
1,10,70,1.2033
1,10,80,1.11131
1,10,90,1.36665
1,10,100,1.65924
1,10,110,1.48707
1,10,120,1.69563
1,10,130,1.23632
1,10,140,1.23754
1,10,150,1.38424
1,10,160,1.51456
1,10,170,1.79102
1,10,180,1.58673
1,20,-180,1.97729
1,20,-170,1.3903
1,20,-160,1.38256
1,20,-150,1.27073
1,20,-140,1.26849
1,20,-130,1.16486
1,20,-120,1.54128
1,20,-110,1.52683
1,20,-100,1.23708
1,20,-90,1.23876
1,20,-80,1.45603
1,20,-70,1.35965
1,20,-60,1.36097
1,20,-50,1.36061
1,20,-40,1.60652
1,20,-30,1.59813
1,20,-20,1.70143
1,20,-10,1.03756
1,20,0,1.07553
1,20,10,1.24337
1,20,20,1.20205
1,20,30,1.46723
1,20,40,1.333
1,20,50,1.33729
1,20,60,1.28295
1,20,70,1.50122
1,20,80,1.26049
1,20,90,1.16544
1,20,100,1.67595
1,20,110,1.92814
1,20,120,1.40551
1,20,130,1.33532
1,20,140,1.48348
1,20,150,1.38236
1,20,160,1.39558
1,20,170,1.30083
1,20,180,1.97729
1,30,-180,1.18101
1,30,-170,1.38563
1,30,-160,1.37783
1,30,-150,1.46339
1,30,-140,1.25017
1,30,-130,1.44097
1,30,-120,1.437
1,30,-110,1.37436
1,30,-100,1.32525
1,30,-90,1.23817
1,30,-80,1.49835
1,30,-70,1.49785
1,30,-60,1.50267
1,30,-50,1.25579
1,30,-40,1.43399
1,30,-30,1.15996
1,30,-20,1.25685
1,30,-10,1.35238
1,30,0,1.90747
1,30,10,1.19174
1,30,20,1.32912
1,30,30,1.27856
1,30,40,1.37574
1,30,50,1.38645
1,30,60,1.63323
1,30,70,1.30929
1,30,80,1.20515
1,30,90,1.26499
1,30,100,1.43182
1,30,110,1.53714
1,30,120,1.52999
1,30,130,1.38901
1,30,140,1.42159
1,30,150,1.42831
1,30,160,1.40085
1,30,170,1.2568
1,30,180,1.18101
1,40,-180,1.45234
1,40,-170,1.60009
1,40,-160,1.46381
1,40,-150,1.5212
1,40,-140,1.91718
1,40,-130,1.4361
1,40,-120,1.28822
1,40,-110,1.14885
1,40,-100,1.33558
1,40,-90,1.27315
1,40,-80,1.48496
1,40,-70,1.48477
1,40,-60,1.48972
1,40,-50,1.03572
1,40,-40,1.08324
1,40,-30,1.11449
1,40,-20,1.49509
1,40,-10,1.87977
1,40,0,1.88391
1,40,10,1.5003
1,40,20,1.09874
1,40,30,1.23027
1,40,40,1.23571
1,40,50,1.24445
1,40,60,1.3756
1,40,70,1.63646
1,40,80,1.99186
1,40,90,1.04637
1,40,100,1.09966
1,40,110,1.21862
1,40,120,1.54003
1,40,130,1.54068
1,40,140,1.48831
1,40,150,1.39407
1,40,160,1.69159
1,40,170,1.45393
1,40,180,1.45234
1,50,-180,1.34706
1,50,-170,1.45569
1,50,-160,1.45545
1,50,-150,1.45945
1,50,-140,1.45788
1,50,-130,1.52307
1,50,-120,1.139
1,50,-110,1.04551
1,50,-100,1.04295
1,50,-90,1.15465
1,50,-80,1.14971
1,50,-70,1.27836
1,50,-60,1.27716
1,50,-50,1.16406
1,50,-40,1.16397
1,50,-30,1.34618
1,50,-20,1.40594
1,50,-10,1.51306
1,50,0,1.51627
1,50,10,1.44376
1,50,20,1.30073
1,50,30,1.30444
1,50,40,1.34259
1,50,50,1.55606
1,50,60,1.55854
1,50,70,1.32957
1,50,80,1.33201
1,50,90,1.11556
1,50,100,1.146
1,50,110,1.17429
1,50,120,1.27831
1,50,130,1.37018
1,50,140,1.25129
1,50,150,1.2115
1,50,160,1.3524
1,50,170,1.34845
1,50,180,1.34706
1,60,-180,1.22088
1,60,-170,1.22182
1,60,-160,1.46171
1,60,-150,1.3655
1,60,-140,1.36494
1,60,-130,1.36673
1,60,-120,1.23474
1,60,-110,1.2952
1,60,-100,1.44747
1,60,-90,1.43581
1,60,-80,1.42708
1,60,-70,1.4214
1,60,-60,1.41884
1,60,-50,1.26191
1,60,-40,1.26043
1,60,-30,1.26105
1,60,-20,1.26383
1,60,-10,1.37633
1,60,0,1.41011
1,60,10,1.33957
1,60,20,1.34204
1,60,30,1.24087
1,60,40,1.24387
1,60,50,1.40269
1,60,60,1.40329
1,60,70,1.40618
1,60,80,1.53692
1,60,90,1.59803
1,60,100,1.7159
1,60,110,1.18405
1,60,120,1.21415
1,60,130,1.21483
1,60,140,1.21779
1,60,150,1.19659
1,60,160,1.35205
1,60,170,1.34874
1,60,180,1.22088
1,70,-180,1.26617
1,70,-170,1.26525
1,70,-160,1.37565
1,70,-150,1.37357
1,70,-140,1.37307
1,70,-130,1.23876
1,70,-120,1.61196
1,70,-110,1.50128
1,70,-100,1.31234
1,70,-90,1.30662
1,70,-80,1.43652
1,70,-70,1.43245
1,70,-60,1.43059
1,70,-50,1.26908
1,70,-40,1.26815
1,70,-30,1.18279
1,70,-20,1.18391
1,70,-10,1.18614
1,70,0,1.22938
1,70,10,1.23038
1,70,20,1.23242
1,70,30,1.23539
1,70,40,1.24873
1,70,50,1.40701
1,70,60,1.40758
1,70,70,1.25066
1,70,80,1.25229
1,70,90,1.25485
1,70,100,1.33233
1,70,110,1.39261
1,70,120,1.39643
1,70,130,1.4015
1,70,140,1.89417
1,70,150,1.25792
1,70,160,1.56804
1,70,170,1.56703
1,70,180,1.26617
1,80,-180,1.36616
1,80,-170,1.36514
1,80,-160,1.36394
1,80,-150,1.36261
1,80,-140,1.51465
1,80,-130,1.51093
1,80,-120,1.50748
1,80,-110,1.50441
1,80,-100,1.50183
1,80,-90,1.31549
1,80,-80,1.31321
1,80,-70,1.31158
1,80,-60,1.31067
1,80,-50,1.3105
1,80,-40,1.31107
1,80,-30,1.1938
1,80,-20,1.12332
1,80,-10,1.12377
1,80,0,1.12462
1,80,10,1.12587
1,80,20,1.24023
1,80,30,1.24169
1,80,40,1.38939
1,80,50,1.3902
1,80,60,1.3915
1,80,70,1.39324
1,80,80,1.57753
1,80,90,1.57905
1,80,100,1.58089
1,80,110,1.583
1,80,120,1.58533
1,80,130,1.36791
1,80,140,1.36801
1,80,150,1.36789
1,80,160,1.36755
1,80,170,1.36696
1,80,180,1.36616
1,90,-180,1.35772
1,90,-170,1.35772
1,90,-160,1.35772
1,90,-150,1.35772
1,90,-140,1.35772
1,90,-130,1.35772
1,90,-120,1.35772
1,90,-110,1.35772
1,90,-100,1.35772
1,90,-90,1.35772
1,90,-80,1.35772
1,90,-70,1.35772
1,90,-60,1.35772
1,90,-50,1.35772
1,90,-40,1.35772
1,90,-30,1.35772
1,90,-20,1.35772
1,90,-10,1.35772
1,90,0,1.35772
1,90,10,1.35772
1,90,20,1.35772
1,90,30,1.35772
1,90,40,1.35772
1,90,50,1.35772
1,90,60,1.35772
1,90,70,1.35772
1,90,80,1.35772
1,90,90,1.35772
1,90,100,1.35772
1,90,110,1.35772
1,90,120,1.35772
1,90,130,1.35772
1,90,140,1.35772
1,90,150,1.35772
1,90,160,1.35772
1,90,170,1.35772
1,90,180,1.35772
